step,losses/eval.bodypart_heatmap,losses/eval.bodypart_locref,losses/eval.bodypart_total_loss,losses/eval.total_loss,losses/train.bodypart_heatmap,losses/train.bodypart_locref,losses/train.bodypart_total_loss,losses/train.total_loss,metrics/test.mAP,metrics/test.mAR,metrics/test.rmse,metrics/test.rmse_pcutoff
1,,,,,0.0010874648578464985,0.5007268190383911,0.013061903417110443,0.013061903417110443,,,,
2,,,,,0.0007837358862161636,0.4449830651283264,0.011516443453729153,0.011516443453729153,,,,
3,,,,,0.0007644689758308232,0.41049492359161377,0.010644607245922089,0.010644607245922089,,,,
4,,,,,0.0007110832375474274,0.39092084765434265,0.010128563269972801,0.010128563269972801,,,,
5,,,,,0.0007343323086388409,0.40496793389320374,0.01049136370420456,0.01049136370420456,,,,
6,,,,,0.0007147646392695606,0.37188267707824707,0.009654449298977852,0.009654449298977852,,,,
7,,,,,0.0006992103881202638,0.37424904108047485,0.009705831296741962,0.009705831296741962,,,,
8,,,,,0.000692289206199348,0.3674936592578888,0.00953348632901907,0.00953348632901907,,,,
9,,,,,0.0006572447600774467,0.3482746183872223,0.009035488590598106,0.009035488590598106,,,,
10,0.00047873452422209084,0.38509222865104675,0.00986667349934578,0.00986667349934578,0.0006513632833957672,0.3534035384654999,0.009160771034657955,0.009160771034657955,23.782728272827285,24.82758620689655,374.2646065680948,95.02977449507327
11,,,,,0.0006785883451811969,0.3590601086616516,0.009315796196460724,0.009315796196460724,,,,
12,,,,,0.0006096931756474078,0.3385128676891327,0.008767668157815933,0.008767668157815933,,,,
13,,,,,0.0006434551905840635,0.35139912366867065,0.009106705896556377,0.009106705896556377,,,,
14,,,,,0.0006249044090509415,0.33360207080841064,0.008652503602206707,0.008652503602206707,,,,
15,,,,,0.0006437661359086633,0.33405938744544983,0.008673368021845818,0.008673368021845818,,,,
16,,,,,0.0006095359567552805,0.34270408749580383,0.008872371166944504,0.008872371166944504,,,,
17,,,,,0.0006066639325581491,0.3384599983692169,0.008764832280576229,0.008764832280576229,,,,
18,,,,,0.0006143253413029015,0.3316526710987091,0.008598478510975838,0.008598478510975838,,,,
19,,,,,0.0006699713412672281,0.34546056389808655,0.008971500210464,0.008971500210464,,,,
20,0.00027798610972240567,0.371516615152359,0.009426908567547798,0.009426908567547798,0.0005622149328701198,0.310959130525589,0.008055086247622967,0.008055086247622967,34.67322831184217,35.51724137931035,373.924456222467,18.669414114444812
21,,,,,0.0005884972051717341,0.3270304501056671,0.008470009081065655,0.008470009081065655,,,,
22,,,,,0.0006168267573229969,0.3257012963294983,0.00845094583928585,0.00845094583928585,,,,
23,,,,,0.0006013309466652572,0.31568261981010437,0.008192731998860836,0.008192731998860836,,,,
24,,,,,0.0005543101578950882,0.3221377730369568,0.008330599404871464,0.008330599404871464,,,,
25,,,,,0.0006122277118265629,0.32451221346855164,0.008418918587267399,0.008418918587267399,,,,
26,,,,,0.000592776748817414,0.3235182464122772,0.008384346030652523,0.008384346030652523,,,,
27,,,,,0.0005848683649674058,0.31156840920448303,0.008081644773483276,0.008081644773483276,,,,
28,,,,,0.0005620603333227336,0.3227251470088959,0.008349158801138401,0.008349158801138401,,,,
29,,,,,0.0005615839036181569,0.31251096725463867,0.008093565702438354,0.008093565702438354,,,,
30,0.00025321851717308164,0.3434094786643982,0.008711845614016056,0.008711845614016056,0.0006114987190812826,0.31750598549842834,0.008243398740887642,0.008243398740887642,33.91397407004127,34.827586206896555,298.8471333967014,11.863959610462189
31,,,,,0.0005676907021552324,0.317657470703125,0.008225282654166222,0.008225282654166222,,,,
32,,,,,0.0005420995876193047,0.31389427185058594,0.008118406869471073,0.008118406869471073,,,,
33,,,,,0.0005514901131391525,0.3089008331298828,0.007998267188668251,0.007998267188668251,,,,
34,,,,,0.0005324053345248103,0.3080385625362396,0.007967166602611542,0.007967166602611542,,,,
35,,,,,0.0005506303859874606,0.3189895451068878,0.008250053972005844,0.008250053972005844,,,,
36,,,,,0.0005470179603435099,0.3169073462486267,0.008196192793548107,0.008196192793548107,,,,
37,,,,,0.000560988555662334,0.31253454089164734,0.008093858137726784,0.008093858137726784,,,,
38,,,,,0.0005532543291337788,0.30686497688293457,0.007948252372443676,0.007948252372443676,,,,
39,,,,,0.0005210498929955065,0.3115444481372833,0.008049136959016323,0.008049136959016323,,,,
40,0.00022333284141495824,0.34278398752212524,0.008681265637278557,0.008681265637278557,0.0005548756453208625,0.298027366399765,0.007728122640401125,0.007728122640401125,39.771054464060335,41.0344827586207,280.20178276431716,7.966431535993304
41,,,,,0.0005160800646990538,0.2951463758945465,0.007636698894202709,0.007636698894202709,,,,
42,,,,,0.0005352980806492269,0.29901570081710815,0.007743042428046465,0.007743042428046465,,,,
43,,,,,0.0005312951980158687,0.30051717162132263,0.007778577506542206,0.007778577506542206,,,,
44,,,,,0.0005272496491670609,0.29722005128860474,0.007694126106798649,0.007694126106798649,,,,
45,,,,,0.0004988183500245214,0.2852528393268585,0.00738073093816638,0.00738073093816638,,,,
46,,,,,0.000540183566045016,0.3063601553440094,0.007929095067083836,0.007929095067083836,,,,
47,,,,,0.00046937179286032915,0.2861538529396057,0.0073885321617126465,0.0073885321617126465,,,,
48,,,,,0.0005111056379973888,0.28699955344200134,0.007430541794747114,0.007430541794747114,,,,
49,,,,,0.0005579767166636884,0.29532375931739807,0.007662082556635141,0.007662082556635141,,,,
50,0.0011473300401121378,0.34554150700569153,0.009212201461195946,0.009212201461195946,0.000525340554304421,0.2866877019405365,0.0074298628605902195,0.0074298628605902195,35.53314154944906,36.206896551724135,447.42626797418075,171.64451376160423
51,,,,,0.0005104338633827865,0.29662424325942993,0.007670823950320482,0.007670823950320482,,,,
52,,,,,0.0005076848901808262,0.3018661141395569,0.007800496183335781,0.007800496183335781,,,,
53,,,,,0.0004940851940773427,0.29475751519203186,0.007615980226546526,0.007615980226546526,,,,
54,,,,,0.0005119049455970526,0.2830221354961395,0.007331505883485079,0.007331505883485079,,,,
55,,,,,0.0005245540523901582,0.2900412082672119,0.007513307500630617,0.007513307500630617,,,,
56,,,,,0.0004924684762954712,0.2835255265235901,0.0073343729600310326,0.0073343729600310326,,,,
57,,,,,0.0005006747669540346,0.274382084608078,0.0071098897606134415,0.0071098897606134415,,,,
58,,,,,0.0005131184007041156,0.2823066711425781,0.0073142265900969505,0.0073142265900969505,,,,
59,,,,,0.0005281870835460722,0.28587621450424194,0.007410998921841383,0.007410998921841383,,,,
60,0.0009163703070953488,0.3288324475288391,0.008678996004164219,0.008678996004164219,0.00053575070342049,0.2752259075641632,0.007148523814976215,0.007148523814976215,25.149141699884275,25.517241379310345,359.0988436123348,111.88187749335107
61,,,,,0.0004903208464384079,0.2624848783016205,0.006807283032685518,0.006807283032685518,,,,
62,,,,,0.000495659769512713,0.2801383435726166,0.007251287344843149,0.007251287344843149,,,,
63,,,,,0.0004980965750291944,0.281372606754303,0.007283363491296768,0.007283363491296768,,,,
64,,,,,0.0005312308203428984,0.2823128402233124,0.007323435973376036,0.007323435973376036,,,,
65,,,,,0.0004933368763886392,0.27110955119132996,0.007024407386779785,0.007024407386779785,,,,
66,,,,,0.0005216260906308889,0.2759475111961365,0.007159500848501921,0.007159500848501921,,,,
67,,,,,0.0004697353870142251,0.2705419659614563,0.006998416967689991,0.006998416967689991,,,,
68,,,,,0.0004632831842172891,0.26723217964172363,0.0069124456495046616,0.0069124456495046616,,,,
69,,,,,0.0004889212432317436,0.2700672149658203,0.006996141746640205,0.006996141746640205,,,,
70,0.00040806495235301554,0.3483598530292511,0.008913028985261917,0.008913028985261917,0.0004933479940518737,0.28445205092430115,0.0073579759337008,0.0073579759337008,34.86048604860487,35.51724137931034,396.19095807102593,24.29907043839014
71,,,,,0.00047311108210124075,0.25154316425323486,0.006525135133415461,0.006525135133415461,,,,
72,,,,,0.0004929988645017147,0.2843703329563141,0.0073557584546506405,0.0073557584546506405,,,,
73,,,,,0.0004763744364026934,0.2667238116264343,0.006906282622367144,0.006906282622367144,,,,
74,,,,,0.00048688187962397933,0.2697104811668396,0.006986203137785196,0.006986203137785196,,,,
75,,,,,0.0004893807345069945,0.26309993863105774,0.006822188850492239,0.006822188850492239,,,,
76,,,,,0.0004874283622484654,0.2634027302265167,0.006828782148659229,0.006828782148659229,,,,
77,,,,,0.0004664295120164752,0.2717870771884918,0.007027891930192709,0.007027891930192709,,,,
78,,,,,0.0004690558125730604,0.2695150077342987,0.006972402799874544,0.006972402799874544,,,,
79,,,,,0.00044767544022761285,0.2525801956653595,0.006538343150168657,0.006538343150168657,,,,
80,0.023751236498355865,0.35299035906791687,0.020700380206108093,0.020700380206108093,0.0004688880580943078,0.2597065567970276,0.0067271082662045956,0.0067271082662045956,4.7748574857485755,9.655172413793103,601.5002064977973,610.2411794354839
81,,,,,0.000471487088361755,0.25240451097488403,0.00654585612937808,0.00654585612937808,,,,
82,,,,,0.00047335028648376465,0.25510674715042114,0.006614343263208866,0.006614343263208866,,,,
83,,,,,0.000465029472252354,0.2536669373512268,0.006574188359081745,0.006574188359081745,,,,
84,,,,,0.00045039597898721695,0.2534552216529846,0.006561578251421452,0.006561578251421452,,,,
85,,,,,0.00047656495007686317,0.24818278849124908,0.006442852318286896,0.006442852318286896,,,,
86,,,,,0.0005179193685762584,0.2622804343700409,0.006815970875322819,0.006815970875322819,,,,
87,,,,,0.0004793835978489369,0.24157743155956268,0.006279128137975931,0.006279128137975931,,,,
88,,,,,0.0004653899814002216,0.2528321444988251,0.006553499028086662,0.006553499028086662,,,,
89,,,,,0.000512746162712574,0.2576187551021576,0.006696842145174742,0.006696842145174742,,,,
90,0.00023648397473152727,0.3437776565551758,0.008712681010365486,0.008712681010365486,0.0004529923608060926,0.2403174489736557,0.00623443303629756,0.00623443303629756,42.436982159754436,42.75862068965518,286.1361508810573,11.698704769736842
91,,,,,0.00047737121349200606,0.2527572512626648,0.006557617336511612,0.006557617336511612,,,,
92,,,,,0.0004354842531029135,0.24906666576862335,0.0064444090239703655,0.0064444090239703655,,,,
93,,,,,0.0004410544061101973,0.24681800603866577,0.006390977650880814,0.006390977650880814,,,,
94,,,,,0.0004752541135530919,0.2567572295665741,0.0066565582528710365,0.0066565582528710365,,,,
95,,,,,0.0004576594801619649,0.24404355883598328,0.006329918745905161,0.006329918745905161,,,,
96,,,,,0.00047670851927250624,0.248875230550766,0.006460234988480806,0.006460234988480806,,,,
97,,,,,0.00046031016972847283,0.2403368353843689,0.006238575559109449,0.006238575559109449,,,,
98,,,,,0.0004318319552112371,0.23155523836612701,0.0060047972947359085,0.0060047972947359085,,,,
99,,,,,0.00045465482980944216,0.24872224032878876,0.006445384118705988,0.006445384118705988,,,,
100,0.000459922244772315,0.33772894740104675,0.008673184551298618,0.008673184551298618,0.00047486447147093713,0.24291598796844482,0.006310332100838423,0.006310332100838423,37.637854162173326,40.3448275862069,266.8353352147577,127.862158203125
101,,,,,0.00043781526619568467,0.240854874253273,0.006240278948098421,0.006240278948098421,,,,
102,,,,,0.00039833271875977516,0.21772734820842743,0.005642350297421217,0.005642350297421217,,,,
103,,,,,0.00040679931407794356,0.2249409556388855,0.005826923530548811,0.005826923530548811,,,,
104,,,,,0.0004242422292008996,0.22118018567562103,0.005741626024246216,0.005741626024246216,,,,
105,,,,,0.0004226244054734707,0.22204123437404633,0.00576234282925725,0.00576234282925725,,,,
106,,,,,0.00041140164830721915,0.21085767447948456,0.00547714252024889,0.00547714252024889,,,,
107,,,,,0.0004155710048507899,0.2052239030599594,0.0053383829072117805,0.0053383829072117805,,,,
108,,,,,0.0004156145150773227,0.2083250731229782,0.0054159341380000114,0.0054159341380000114,,,,
109,,,,,0.00040776521200314164,0.19635596871376038,0.005112782120704651,0.005112782120704651,,,,
110,0.00019546010298654437,0.3482581377029419,0.008804184384644032,0.008804184384644032,0.00040725155849941075,0.20363867282867432,0.005294593051075935,0.005294593051075935,41.481803926999035,42.75862068965517,270.79710229608145,6.300739400564356
111,,,,,0.00043309014290571213,0.20506078004837036,0.005343064200133085,0.005343064200133085,,,,
112,,,,,0.00041358437738381326,0.19685916602611542,0.005128271412104368,0.005128271412104368,,,,
113,,,,,0.00037473023985512555,0.20073990523815155,0.005205862689763308,0.005205862689763308,,,,
114,,,,,0.00038287549978122115,0.19286209344863892,0.005012989975512028,0.005012989975512028,,,,
115,,,,,0.0004027285613119602,0.19405841827392578,0.005052824970334768,0.005052824970334768,,,,
116,,,,,0.0004087957495357841,0.20014095306396484,0.005207921843975782,0.005207921843975782,,,,
117,,,,,0.0004256583342794329,0.20498523116111755,0.005337459966540337,0.005337459966540337,,,,
118,,,,,0.0003926848294213414,0.19499999284744263,0.005071342457085848,0.005071342457085848,,,,
119,,,,,0.00039710462442599237,0.20739850401878357,0.005383515264838934,0.005383515264838934,,,,
120,0.0002479820104781538,0.35033532977104187,0.008882374502718449,0.008882374502718449,0.0004150242602918297,0.2126132845878601,0.005522844381630421,0.005522844381630421,38.66991048757781,40.3448275862069,265.55426168035376,110.4412476328703
121,,,,,0.0003971533151343465,0.192643940448761,0.0050146752037107944,0.0050146752037107944,,,,
122,,,,,0.0004076813056599349,0.1932649463415146,0.005035464186221361,0.005035464186221361,,,,
123,,,,,0.0003874489339068532,0.1903095245361328,0.0049514626152813435,0.0049514626152813435,,,,
124,,,,,0.0004140430537518114,0.20090872049331665,0.005229739937931299,0.005229739937931299,,,,
125,,,,,0.0004164863785263151,0.19617263972759247,0.0051125590689480305,0.0051125590689480305,,,,
126,,,,,0.00038665864849463105,0.1778121441602707,0.004638632293790579,0.004638632293790579,,,,
127,,,,,0.0004168944724369794,0.19089819490909576,0.004980902187526226,0.004980902187526226,,,,
128,,,,,0.0004132400208618492,0.19411809742450714,0.0050595724023878574,0.0050595724023878574,,,,
129,,,,,0.0003988432581536472,0.1854144036769867,0.004834781866520643,0.004834781866520643,,,,
130,0.00024314386246260256,0.346283495426178,0.008778659626841545,0.008778659626841545,0.0003648495185188949,0.17179857194423676,0.00447738915681839,0.00447738915681839,49.15131870455636,50.34482758620691,226.46455121145374,14.389624734526699
131,,,,,0.0003784162108786404,0.1788749098777771,0.004661081358790398,0.004661081358790398,,,,
132,,,,,0.0003662223170977086,0.1750786304473877,0.004560076631605625,0.004560076631605625,,,,
133,,,,,0.00038125691935420036,0.18109576404094696,0.004718022421002388,0.004718022421002388,,,,
134,,,,,0.000429086503572762,0.19680893421173096,0.005134766921401024,0.005134766921401024,,,,
135,,,,,0.00038976696669124067,0.18551324307918549,0.004832714796066284,0.004832714796066284,,,,
136,,,,,0.0004040581115987152,0.16162538528442383,0.004242663737386465,0.004242663737386465,,,,
137,,,,,0.0003723381378222257,0.16733361780643463,0.004369509406387806,0.004369509406387806,,,,
138,,,,,0.0003627524129115045,0.17592734098434448,0.004579559899866581,0.004579559899866581,,,,
139,,,,,0.00040195489418692887,0.17159418761730194,0.00449083186686039,0.00449083186686039,,,,
140,0.000160386465722695,0.3491870164871216,0.008809867314994335,0.008809867314994335,0.0004011114651802927,0.1774941086769104,0.004637908656150103,0.004637908656150103,47.10688325917612,48.62068965517241,176.37838026935404,5.939137779100977
141,,,,,0.00039816260687075555,0.17979247868061066,0.00469389371573925,0.00469389371573925,,,,
142,,,,,0.00038614351069554687,0.18155255913734436,0.004731886088848114,0.004731886088848114,,,,
143,,,,,0.00037868067738600075,0.17298521101474762,0.004513971041887999,0.004513971041887999,,,,
144,,,,,0.0004113782197237015,0.17255167663097382,0.004519481211900711,0.004519481211900711,,,,
145,,,,,0.00040440334123559296,0.16236360371112823,0.004261292051523924,0.004261292051523924,,,,
146,,,,,0.00038753633270971477,0.17528998851776123,0.004576017614454031,0.004576017614454031,,,,
147,,,,,0.00039743733941577375,0.1804679036140442,0.004710415843874216,0.004710415843874216,,,,
148,,,,,0.0004004719667136669,0.1667509824037552,0.004369010683149099,0.004369010683149099,,,,
149,,,,,0.00040060121682472527,0.18120083212852478,0.00473032146692276,0.00473032146692276,,,,
150,0.00015943129255902022,0.3518209755420685,0.008875240571796894,0.008875240571796894,0.0004066644178237766,0.17620967328548431,0.004608574789017439,0.004608574789017439,53.51360737577517,55.86206896551724,180.17393997797356,9.232346146195024
151,,,,,0.0003823838196694851,0.1724981814622879,0.004503646399825811,0.004503646399825811,,,,
152,,,,,0.00039722767542116344,0.16183650493621826,0.004244526382535696,0.004244526382535696,,,,
153,,,,,0.00038623923319391906,0.17495468258857727,0.004566987045109272,0.004566987045109272,,,,
154,,,,,0.0003878431743942201,0.16910240054130554,0.00442148232832551,0.00442148232832551,,,,
155,,,,,0.0003802168066613376,0.15730704367160797,0.004122784361243248,0.004122784361243248,,,,
156,,,,,0.00040181801887229085,0.1695210337638855,0.004438934847712517,0.004438934847712517,,,,
157,,,,,0.0003829729976132512,0.16236630082130432,0.004250643774867058,0.004250643774867058,,,,
158,,,,,0.0003964314819313586,0.1651962399482727,0.004328121896833181,0.004328121896833181,,,,
159,,,,,0.0003708211297634989,0.15828122198581696,0.004142441786825657,0.004142441786825657,,,,
160,0.0001681308203842491,0.34952428936958313,0.00882217288017273,0.00882217288017273,0.0003656711778603494,0.15676766633987427,0.004102027043700218,0.004102027043700218,52.7439922563685,54.82758620689656,159.04300316629957,6.312857491629464
161,,,,,0.0003876486443914473,0.1590360552072525,0.004169725347310305,0.004169725347310305,,,,
162,,,,,0.0003789513430092484,0.15689805150032043,0.004111926537007093,0.004111926537007093,,,,
163,,,,,0.0003564614453352988,0.14170119166374207,0.0037207603454589844,0.0037207603454589844,,,,
164,,,,,0.0003887637285515666,0.15975989401340485,0.004188379738479853,0.004188379738479853,,,,
165,,,,,0.0004058716003783047,0.168020561337471,0.004403450060635805,0.004403450060635805,,,,
166,,,,,0.0003629713028203696,0.15678906440734863,0.004101212602108717,0.004101212602108717,,,,
167,,,,,0.0003701508103404194,0.17703452706336975,0.004610938485711813,0.004610938485711813,,,,
168,,,,,0.00037512171547859907,0.15239478647708893,0.003997430671006441,0.003997430671006441,,,,
169,,,,,0.00038019995554350317,0.15599425137043,0.00408995570614934,0.00408995570614934,,,,
170,0.00016086573305074126,0.36119192838668823,0.009110230021178722,0.009110230021178722,0.000370008812751621,0.15153348445892334,0.003973342012614012,0.003973342012614012,50.925017487289495,52.758620689655174,163.15655233291062,6.522904667651878
171,,,,,0.00039292502333410084,0.14513447880744934,0.003824824234470725,0.003824824234470725,,,,
172,,,,,0.00034847925417125225,0.14228343963623047,0.0037313257344067097,0.0037313257344067097,,,,
173,,,,,0.00038600139669142663,0.15540292859077454,0.004078073892742395,0.004078073892742395,,,,
174,,,,,0.00036852905759587884,0.14875149726867676,0.003903051605448127,0.003903051605448127,,,,
175,,,,,0.00037440552841871977,0.14443185925483704,0.0037979991175234318,0.0037979991175234318,,,,
176,,,,,0.00038103360566310585,0.15488283336162567,0.0040625883266329765,0.0040625883266329765,,,,
177,,,,,0.00036546020419336855,0.14772726595401764,0.0038759117014706135,0.0038759117014706135,,,,
178,,,,,0.00037255347706377506,0.15059104561805725,0.003951052203774452,0.003951052203774452,,,,
179,,,,,0.0003690999001264572,0.14945624768733978,0.003920956514775753,0.003920956514775753,,,,
180,0.00016970217984635383,0.3534005284309387,0.00891986396163702,0.00891986396163702,0.0003689102013595402,0.15298551321029663,0.004009092692285776,0.004009092692285776,49.30487771185146,51.37931034482759,191.3578606828194,6.378817689185049
181,,,,,0.0003783014544751495,0.15434199571609497,0.004047701135277748,0.004047701135277748,,,,
182,,,,,0.00034957731259055436,0.13406072556972504,0.0035263067111372948,0.0035263067111372948,,,,
183,,,,,0.0003422272566240281,0.14961779117584229,0.003911558538675308,0.003911558538675308,,,,
184,,,,,0.00038146640872582793,0.15067149698734283,0.003957520704716444,0.003957520704716444,,,,
185,,,,,0.0003618595364969224,0.14177446067333221,0.0037252912297844887,0.0037252912297844887,,,,
186,,,,,0.00036528988857753575,0.1466001719236374,0.0038476488552987576,0.0038476488552987576,,,,
187,,,,,0.00036885347799398005,0.14993898570537567,0.003932901192456484,0.003932901192456484,,,,
188,,,,,0.00035825566737912595,0.14512179791927338,0.003807172877714038,0.003807172877714038,,,,
189,,,,,0.00038291746750473976,0.1474742889404297,0.003878316143527627,0.003878316143527627,,,,
190,0.00016722173313610256,0.3620782494544983,0.009135565720498562,0.009135565720498562,0.00037827680353075266,0.1532132476568222,0.004019469488412142,0.004019469488412142,49.00858657294301,50.689655172413794,212.9803827092511,8.900253971066094
191,,,,,0.0003681355738081038,0.14705055952072144,0.003860332304611802,0.003860332304611802,,,,
192,,,,,0.0003692131722345948,0.14334987103939056,0.0037683534901589155,0.0037683534901589155,,,,
193,,,,,0.00035741072497330606,0.13865289092063904,0.00364502752199769,0.00364502752199769,,,,
194,,,,,0.00034773946390487254,0.14649584889411926,0.003836266230791807,0.003836266230791807,,,,
195,,,,,0.00034120812779292464,0.1368265300989151,0.0035912671592086554,0.0035912671592086554,,,,
196,,,,,0.0003593864676076919,0.14255335927009583,0.0037435272242873907,0.0037435272242873907,,,,
197,,,,,0.00035813715658150613,0.14076761901378632,0.0036982588935643435,0.0036982588935643435,,,,
198,,,,,0.0003488422662485391,0.1411411017179489,0.003702949034050107,0.003702949034050107,,,,
199,,,,,0.00036195566644892097,0.13784772157669067,0.003627170342952013,0.003627170342952013,,,,
200,0.00016524714010301977,0.35427185893058777,0.008939418941736221,0.008939418941736221,0.0003413138329051435,0.13405878841876984,0.003522126702591777,0.003522126702591777,52.677723478550476,54.82758620689656,124.34976869279689,6.613650729258855
201,,,,,0.000358752062311396,0.13397134840488434,0.003528660163283348,0.003528660163283348,,,,
202,,,,,0.0003473601827863604,0.12798987329006195,0.003373426850885153,0.003373426850885153,,,,
203,,,,,0.00032297713914886117,0.13617098331451416,0.003565763123333454,0.003565763123333454,,,,
204,,,,,0.00033378705848008394,0.1267736554145813,0.003336234949529171,0.003336234949529171,,,,
205,,,,,0.000338111276505515,0.1211349219083786,0.0031974290031939745,0.0031974290031939745,,,,
206,,,,,0.00033688731491565704,0.11417410522699356,0.0030227964743971825,0.0030227964743971825,,,,
207,,,,,0.00033193573472090065,0.11657262593507767,0.003080283524468541,0.003080283524468541,,,,
208,,,,,0.00034718570532277226,0.1256561428308487,0.003314996138215065,0.003314996138215065,,,,
209,,,,,0.0003452905802987516,0.11985009908676147,0.0031688979361206293,0.0031688979361206293,,,,
210,0.00016832815890666097,0.35307008028030396,0.008910915814340115,0.008910915814340115,0.00033979042200371623,0.11465615034103394,0.0030362990219146013,0.0030362990219146013,59.65905573476603,62.06896551724138,110.82148040099578,8.691869131156377
211,,,,,0.0003246838750783354,0.11698335409164429,0.0030869259499013424,0.0030869259499013424,,,,
212,,,,,0.00032225780887529254,0.11734123528003693,0.003094659885391593,0.003094659885391593,,,,
213,,,,,0.00032150361221283674,0.11173947900533676,0.0029542383272200823,0.0029542383272200823,,,,
214,,,,,0.0003336013469379395,0.12339062243700027,0.003251566318795085,0.003251566318795085,,,,
215,,,,,0.00033170278766192496,0.12653155624866486,0.0033291401341557503,0.0033291401341557503,,,,
216,,,,,0.00036224169889464974,0.12330356240272522,0.003263709833845496,0.003263709833845496,,,,
217,,,,,0.00036369721055962145,0.11953955888748169,0.003170337527990341,0.003170337527990341,,,,
218,,,,,0.0003450765216257423,0.12164464592933655,0.0032136545050889254,0.0032136545050889254,,,,
219,,,,,0.00033830260508693755,0.10670869052410126,0.002836868865415454,0.002836868865415454,,,,
220,0.00015146563237067312,0.35997769236564636,0.009075174108147621,0.009075174108147621,0.00032722236937843263,0.11711153388023376,0.003091399557888508,0.003091399557888508,62.49330191327949,64.82758620689654,94.7751448738304,6.179052828375353
221,,,,,0.00033324083779007196,0.11997563391923904,0.0031660115346312523,0.0031660115346312523,,,,
222,,,,,0.00033360454835928977,0.11781447380781174,0.0031121643260121346,0.0031121643260121346,,,,
223,,,,,0.0002955887175630778,0.10883643478155136,0.002868705429136753,0.002868705429136753,,,,
224,,,,,0.0003276145434938371,0.1181286945939064,0.003117024665698409,0.003117024665698409,,,,
225,,,,,0.0003392603248357773,0.11278865486383438,0.002989346394315362,0.002989346394315362,,,,
226,,,,,0.0003299829550087452,0.11493463069200516,0.0030383572448045015,0.0030383572448045015,,,,
227,,,,,0.000336291006533429,0.11562403291463852,0.0030587464570999146,0.0030587464570999146,,,,
228,,,,,0.00030399500974453986,0.11096443980932236,0.0029261086601763964,0.0029261086601763964,,,,
229,,,,,0.0003324737190268934,0.1179300993680954,0.0031144896056503057,0.0031144896056503057,,,,
230,0.00015063220052979887,0.35624778270721436,0.008981509134173393,0.008981509134173393,0.00032582797575742006,0.11183647811412811,0.0029588257893919945,0.0029588257893919945,61.060797700649196,63.44827586206897,99.81188189495694,6.8016594250996905
231,,,,,0.0003082114562857896,0.11127609014511108,0.0029360076878219843,0.0029360076878219843,,,,
232,,,,,0.00034276003134436905,0.1128106415271759,0.0029916460625827312,0.0029916460625827312,,,,
233,,,,,0.00033435062505304813,0.11214626580476761,0.00297083193436265,0.00297083193436265,,,,
234,,,,,0.0003342633426655084,0.10870105773210526,0.0028846582863479853,0.0028846582863479853,,,,
235,,,,,0.000329123082337901,0.11388573795557022,0.0030117053538560867,0.0030117053538560867,,,,
236,,,,,0.00032420706702396274,0.131492018699646,0.0034494041465222836,0.0034494041465222836,,,,
237,,,,,0.0002872153709176928,0.09952830523252487,0.0026318153832107782,0.0026318153832107782,,,,
238,,,,,0.0003172784636262804,0.10987506061792374,0.002905515721067786,0.002905515721067786,,,,
239,,,,,0.000332984869601205,0.10494359582662582,0.0027900824788957834,0.0027900824788957834,,,,
240,0.00015603963402099907,0.3592577278614044,0.009059462696313858,0.009059462696313858,0.0003533071430865675,0.1219598576426506,0.0032256501726806164,0.0032256501726806164,58.8984431776511,61.03448275862069,113.96529474204237,7.111515635983986
241,,,,,0.00032164924778044224,0.11221734434366226,0.0029662586748600006,0.0029662586748600006,,,,
242,,,,,0.00032074120827019215,0.10777538269758224,0.002854755148291588,0.002854755148291588,,,,
243,,,,,0.0003336930531077087,0.10453479737043381,0.0027802165132015944,0.0027802165132015944,,,,
244,,,,,0.00033255352173000574,0.10989176481962204,0.0029135707300156355,0.0029135707300156355,,,,
245,,,,,0.0003181799256708473,0.10622456669807434,0.0028147040866315365,0.0028147040866315365,,,,
246,,,,,0.0003135262231808156,0.10501669347286224,0.0027821806725114584,0.0027821806725114584,,,,
247,,,,,0.0002976259565912187,0.09865859895944595,0.002615277888253331,0.002615277888253331,,,,
248,,,,,0.00030040787532925606,0.10307857394218445,0.0027271686121821404,0.0027271686121821404,,,,
249,,,,,0.0003115361905656755,0.09841431677341461,0.0026161260902881622,0.0026161260902881622,,,,
250,0.00016321036673616618,0.3635246753692627,0.00916972104460001,0.00916972104460001,0.0003244086110498756,0.10961000621318817,0.002902454463765025,0.002902454463765025,59.090338549045605,60.6896551724138,137.1682182681718,8.924357096354166
251,,,,,0.00032775933505035937,0.10767117887735367,0.002855659229680896,0.002855659229680896,,,,
252,,,,,0.00031869791564531624,0.0943107157945633,0.002517116954550147,0.002517116954550147,,,,
253,,,,,0.00032045322586782277,0.1056109219789505,0.0028005000203847885,0.0028005000203847885,,,,
254,,,,,0.00030888940091244876,0.10416732728481293,0.002758628223091364,0.002758628223091364,,,,
255,,,,,0.00030685000820085406,0.10527429729700089,0.0027852822095155716,0.0027852822095155716,,,,
256,,,,,0.0003212194424122572,0.09528494626283646,0.0025427336804568768,0.0025427336804568768,,,,
257,,,,,0.00033432856434956193,0.10456515848636627,0.0027812933549284935,0.0027812933549284935,,,,
258,,,,,0.00031341001158580184,0.10196947306394577,0.0027059419080615044,0.0027059419080615044,,,,
259,,,,,0.00033223532955162227,0.11158006638288498,0.0029556192457675934,0.0029556192457675934,,,,
260,0.00015224028902594,0.3588227927684784,0.009046690538525581,0.009046690538525581,0.00031369112548418343,0.0969497561454773,0.0025805896148085594,0.0025805896148085594,58.067651251673105,59.6551724137931,140.96470608480178,7.175355683772936
261,,,,,0.0002988961059600115,0.09800305962562561,0.0025995245669037104,0.0025995245669037104,,,,
262,,,,,0.00030358342337422073,0.10695558041334152,0.002825681120157242,0.002825681120157242,,,,
263,,,,,0.00031356237013824284,0.1012769564986229,0.002688704989850521,0.002688704989850521,,,,
264,,,,,0.00032086941064335406,0.09386041760444641,0.002506944816559553,0.002506944816559553,,,,
265,,,,,0.00032321104663424194,0.09711889922618866,0.002589578041806817,0.002589578041806817,,,,
266,,,,,0.0003345690493006259,0.10800742357969284,0.002867470495402813,0.002867470495402813,,,,
267,,,,,0.0003179644118063152,0.09360943734645844,0.0024992183316498995,0.0024992183316498995,,,,
268,,,,,0.00029969261959195137,0.0928100198507309,0.002470096806064248,0.002470096806064248,,,,
269,,,,,0.0003179523046128452,0.10748527199029922,0.0028461080510169268,0.0028461080510169268,,,,
270,0.00020375971507746726,0.3595075011253357,0.009089566767215729,0.009089566767215729,0.00029490425367839634,0.09760710597038269,0.0025876297149807215,0.0025876297149807215,57.20569374325927,60.0,174.49445897577093,6.170081277495449
271,,,,,0.0003072941326536238,0.09656567126512527,0.002567789051681757,0.002567789051681757,,,,
272,,,,,0.0003137749736197293,0.09759456664323807,0.002596751321107149,0.002596751321107149,,,,
273,,,,,0.00033606847864575684,0.1030140370130539,0.0027433850336819887,0.0027433850336819887,,,,
274,,,,,0.00032021853257901967,0.10353075712919235,0.0027483783196657896,0.0027483783196657896,,,,
275,,,,,0.00029418489430099726,0.09789150953292847,0.0025943804066628218,0.0025943804066628218,,,,
276,,,,,0.0002981717116199434,0.09949791431427002,0.002636533696204424,0.002636533696204424,,,,
277,,,,,0.0003197877376805991,0.09396882355213165,0.0025091145653277636,0.0025091145653277636,,,,
278,,,,,0.0003058845177292824,0.10127091407775879,0.002684714738279581,0.002684714738279581,,,,
279,,,,,0.0003314967034384608,0.10268571972846985,0.002732891356572509,0.002732891356572509,,,,
280,0.00014536325761582702,0.35488614439964294,0.008944835513830185,0.008944835513830185,0.000316398887662217,0.09332045912742615,0.002491210587322712,0.002491210587322712,56.675269456257396,58.96551724137932,139.21838862885463,8.44415563180906
281,,,,,0.0002949221234302968,0.09537801891565323,0.0025319114793092012,0.0025319114793092012,,,,
282,,,,,0.0003154739970341325,0.10275079309940338,0.0027265066746622324,0.0027265066746622324,,,,
283,,,,,0.0003129325632471591,0.10150498151779175,0.0026940908282995224,0.0026940908282995224,,,,
284,,,,,0.00030573768890462816,0.10226359963417053,0.0027094590477645397,0.0027094590477645397,,,,
285,,,,,0.0003097272419836372,0.09482645243406296,0.002525524701923132,0.002525524701923132,,,,
286,,,,,0.0003145898808725178,0.09567540138959885,0.002549180295318365,0.002549180295318365,,,,
287,,,,,0.00030987907666713,0.09231933206319809,0.002462922828271985,0.002462922828271985,,,,
288,,,,,0.00028961931820958853,0.0891067385673523,0.002372478134930134,0.002372478134930134,,,,
289,,,,,0.0002912698546424508,0.09070058912038803,0.0024131496902555227,0.0024131496902555227,,,,
290,0.00014592487423215061,0.35472190380096436,0.00894101057201624,0.00894101057201624,0.00032400345662608743,0.09687092155218124,0.002583774970844388,0.002583774970844388,61.47323514588492,64.48275862068964,94.04181414111095,6.231736201722667
291,,,,,0.00030355702619999647,0.10334691405296326,0.0027354515623301268,0.0027354515623301268,,,,
292,,,,,0.0002845641574822366,0.09208910167217255,0.002444509882479906,0.002444509882479906,,,,
293,,,,,0.0002957131655421108,0.0893527939915657,0.0023816763423383236,0.0023816763423383236,,,,
294,,,,,0.0003037928545381874,0.09398892521858215,0.0025016197469085455,0.0025016197469085455,,,,
295,,,,,0.000285671791061759,0.10002147406339645,0.0026433728635311127,0.0026433728635311127,,,,
296,,,,,0.0003078727750107646,0.09820156544446945,0.0026089756283909082,0.0026089756283909082,,,,
297,,,,,0.00029871947481296957,0.0898631364107132,0.0023959381505846977,0.0023959381505846977,,,,
298,,,,,0.00030373860499821603,0.09719350188970566,0.0025817069690674543,0.0025817069690674543,,,,
299,,,,,0.0002963629667647183,0.09262971580028534,0.002463924465700984,0.002463924465700984,,,,
300,0.00014685309724882245,0.35677456855773926,0.00899279024451971,0.00899279024451971,0.0002872420009225607,0.09110225737094879,0.002421177690848708,0.002421177690848708,60.75026604147165,63.44827586206897,124.57136219713657,6.82181206099484
301,,,,,0.0002979036944452673,0.09196849912405014,0.002448164625093341,0.002448164625093341,,,,
302,,,,,0.0002933188225142658,0.08557626605033875,0.0022860663011670113,0.0022860663011670113,,,,
303,,,,,0.00029299926245585084,0.08853278309106827,0.002359819132834673,0.002359819132834673,,,,
304,,,,,0.00028096011374145746,0.08468975126743317,0.0022577238269150257,0.0022577238269150257,,,,
305,,,,,0.000286288617644459,0.08700297772884369,0.0023182188160717487,0.0023182188160717487,,,,
306,,,,,0.0002812929160427302,0.083318792283535,0.002223616698756814,0.002223616698756814,,,,
307,,,,,0.0003172355645801872,0.08962319791316986,0.002399197779595852,0.002399197779595852,,,,
308,,,,,0.0002803578390739858,0.08911807835102081,0.0023681309539824724,0.0023681309539824724,,,,
309,,,,,0.0002908244205173105,0.0842810720205307,0.002252439269796014,0.002252439269796014,,,,
310,0.00014270331303123385,0.36037346720695496,0.009080689400434494,0.009080689400434494,0.00031115958699956536,0.08816982060670853,0.0023598254192620516,0.0023598254192620516,59.45656340593381,61.37931034482759,120.1634194239974,6.588285514877902
311,,,,,0.00027696145116351545,0.0818599984049797,0.002184980781748891,0.002184980781748891,,,,
312,,,,,0.00027815927751362324,0.08809849619865417,0.002341541927307844,0.002341541927307844,,,,
313,,,,,0.0002922078128904104,0.08763102442026138,0.0023368794936686754,0.0023368794936686754,,,,
314,,,,,0.0002720179909374565,0.08576247096061707,0.002280070912092924,0.002280070912092924,,,,
315,,,,,0.00031714659417048097,0.08603055030107498,0.0023093372583389282,0.0023093372583389282,,,,
316,,,,,0.0002947358589153737,0.08495502173900604,0.0022712433710694313,0.0022712433710694313,,,,
317,,,,,0.0002833557373378426,0.08265785127878189,0.002208123914897442,0.002208123914897442,,,,
318,,,,,0.00028851153911091387,0.08092740923166275,0.002167440950870514,0.002167440950870514,,,,
319,,,,,0.00030270262504927814,0.08801575750112534,0.0023517454974353313,0.0023517454974353313,,,,
320,0.00014200851728674024,0.3566177189350128,0.008986447006464005,0.008986447006464005,0.0002903775603044778,0.08068524301052094,0.002162319840863347,0.002162319840863347,64.26404398142896,66.55172413793103,116.75989468612335,6.7147096906389505
321,,,,,0.0002868424926418811,0.08383826911449432,0.0022393781691789627,0.0022393781691789627,,,,
322,,,,,0.00028329199994914234,0.08659559488296509,0.002306535840034485,0.002306535840034485,,,,
323,,,,,0.00028379925061017275,0.07909955829381943,0.0021193884313106537,0.0021193884313106537,,,,
324,,,,,0.00028762512374669313,0.08170042932033539,0.002186323283240199,0.002186323283240199,,,,
325,,,,,0.0002618869475554675,0.07429912686347961,0.001988421892747283,0.001988421892747283,,,,
326,,,,,0.0002822370734065771,0.07797177881002426,0.002090413123369217,0.002090413123369217,,,,
327,,,,,0.0002723202924244106,0.07896316051483154,0.0021102391183376312,0.0021102391183376312,,,,
328,,,,,0.00027160003082826734,0.08155812323093414,0.0021747532300651073,0.0021747532300651073,,,,
329,,,,,0.0002747260732576251,0.07882652431726456,0.002108026063069701,0.002108026063069701,,,,
330,0.00014125520829111338,0.3583901524543762,0.00903038214892149,0.00903038214892149,0.00028719185502268374,0.08665788173675537,0.0023100432008504868,0.0023100432008504868,62.56039573737593,64.48275862068967,121.36663683920705,6.177911829065393
331,,,,,0.00027901437715627253,0.07524839043617249,0.0020207171328365803,0.0020207171328365803,,,,
332,,,,,0.00027359515661373734,0.07825812697410583,0.0020932506304234266,0.0020932506304234266,,,,
333,,,,,0.0002977089025080204,0.0892791599035263,0.002380833262577653,0.002380833262577653,,,,
334,,,,,0.00028753402875736356,0.08123534172773361,0.002174650551751256,0.002174650551751256,,,,
335,,,,,0.00028482903144322336,0.07784323394298553,0.0020884955301880836,0.0020884955301880836,,,,
336,,,,,0.00028063973877578974,0.0733458548784256,0.001973966369405389,0.001973966369405389,,,,
337,,,,,0.00028096107416786253,0.07274144142866135,0.0019590165466070175,0.0019590165466070175,,,,
338,,,,,0.00029211872606538236,0.07411514222621918,0.0019989379215985537,0.0019989379215985537,,,,
339,,,,,0.0003045656194444746,0.07973595708608627,0.002145681530237198,0.002145681530237198,,,,
340,0.00014224225014913827,0.35828977823257446,0.009028365835547447,0.009028365835547447,0.00028109713457524776,0.07750440388917923,0.0020781587809324265,0.0020781587809324265,65.26619391631039,67.58620689655174,93.7575001715259,6.340256445597265
341,,,,,0.00028128945268690586,0.08727508783340454,0.0023225219920277596,0.0023225219920277596,,,,
342,,,,,0.0002786184777505696,0.08498986065387726,0.0022640558890998363,0.0022640558890998363,,,,
343,,,,,0.00026482631801627576,0.07953767478466034,0.0021208550315350294,0.0021208550315350294,,,,
344,,,,,0.00030017277458682656,0.07725713402032852,0.0020815148018300533,0.0020815148018300533,,,,
345,,,,,0.00027643953217193484,0.08204056322574615,0.0021892336662858725,0.0021892336662858725,,,,
346,,,,,0.0002758905466180295,0.07576797157526016,0.0020321449264883995,0.0020321449264883995,,,,
347,,,,,0.00027603551279753447,0.0706922635436058,0.0019053242867812514,0.0019053242867812514,,,,
348,,,,,0.00028668020968325436,0.07582265883684158,0.002038906794041395,0.002038906794041395,,,,
349,,,,,0.0002841059467755258,0.07136990875005722,0.0019263006979599595,0.0019263006979599595,,,,
350,0.0001421168853994459,0.3526647388935089,0.008887678384780884,0.008887678384780884,0.00027473398949950933,0.07620572298765182,0.0020425100810825825,0.0020425100810825825,57.44056383660345,60.3448275862069,152.21801004955947,6.176376907913773
351,,,,,0.00029968624585308135,0.07598511129617691,0.0020494707860052586,0.0020494707860052586,,,,
352,,,,,0.00029812444699928164,0.0739663690328598,0.0019982215017080307,0.0019982215017080307,,,,
353,,,,,0.0002843477705027908,0.070674829185009,0.0019090442219749093,0.0019090442219749093,,,,
354,,,,,0.00026226838235743344,0.07606250047683716,0.002032696735113859,0.002032696735113859,,,,
355,,,,,0.0002857231011148542,0.07177939265966415,0.001937346300110221,0.001937346300110221,,,,
356,,,,,0.00027795162168331444,0.07638770341873169,0.0020486684516072273,0.0020486684516072273,,,,
357,,,,,0.0002781484799925238,0.08361554890871048,0.002229462843388319,0.002229462843388319,,,,
358,,,,,0.0002759828930720687,0.07651539146900177,0.0020508761517703533,0.0020508761517703533,,,,
359,,,,,0.00028361278236843646,0.07646039128303528,0.0020533159840852022,0.0020533159840852022,,,,
360,0.00014242508041206747,0.3548250198364258,0.008941838517785072,0.008941838517785072,0.00027181036421097815,0.07925931364297867,0.002117388416081667,0.002117388416081667,62.07138266458225,63.793103448275865,117.07858101596916,6.632265423415998
361,,,,,0.00027992884861305356,0.07920613884925842,0.002120118122547865,0.002120118122547865,,,,
362,,,,,0.0002688481763470918,0.08364991843700409,0.0022256721276789904,0.0022256721276789904,,,,
363,,,,,0.0002669895766302943,0.0721573680639267,0.0019374290714040399,0.0019374290714040399,,,,
364,,,,,0.00027036177925765514,0.0777154192328453,0.0020780665799975395,0.0020780665799975395,,,,
365,,,,,0.00026349013205617666,0.06943044066429138,0.0018675061874091625,0.0018675061874091625,,,,
366,,,,,0.00026233086828142405,0.07525723427534103,0.002012596232816577,0.002012596232816577,,,,
367,,,,,0.0002784205717034638,0.07775004208087921,0.002082961145788431,0.002082961145788431,,,,
368,,,,,0.0002511199563741684,0.07300383597612381,0.0019506560638546944,0.0019506560638546944,,,,
369,,,,,0.0002888337185140699,0.07906820625066757,0.0021211220882833004,0.0021211220882833004,,,,
370,0.0001399969041813165,0.3585328757762909,0.009033320471644402,0.009033320471644402,0.00027504353784024715,0.07127910107374191,0.0019194991327822208,0.0019194991327822208,59.32320085687499,62.06896551724138,105.03819092647596,6.6186318031144795
371,,,,,0.00029967972659505904,0.08295527845621109,0.0022237219382077456,0.0022237219382077456,,,,
372,,,,,0.00025396302225999534,0.07830321788787842,0.002084562089294195,0.002084562089294195,,,,
373,,,,,0.0002715948212426156,0.06967928260564804,0.0018777793738991022,0.0018777793738991022,,,,
374,,,,,0.000272040837444365,0.07045263797044754,0.0018973365658894181,0.0018973365658894181,,,,
375,,,,,0.0002753932203631848,0.07809445261955261,0.0020900580566376448,0.0020900580566376448,,,,
376,,,,,0.0002843527472577989,0.07360689342021942,0.0019823487382382154,0.0019823487382382154,,,,
377,,,,,0.00027536312700249255,0.06805156916379929,0.0018389708129689097,0.0018389708129689097,,,,
378,,,,,0.0002533771039452404,0.07472269237041473,0.0019947560504078865,0.0019947560504078865,,,,
379,,,,,0.0002776250767055899,0.07628330588340759,0.002045895205810666,0.002045895205810666,,,,
380,0.00014193466631695628,0.3585103452205658,0.00903372559696436,0.00903372559696436,0.0002549929777160287,0.07443636655807495,0.001988405827432871,0.001988405827432871,64.27998232919607,65.86206896551724,116.24101734581498,8.90869413103376
381,,,,,0.00028613192262127995,0.07403101027011871,0.0019938412588089705,0.0019938412588089705,,,,
382,,,,,0.00028405949706211686,0.07534071058034897,0.002025547670200467,0.002025547670200467,,,,
383,,,,,0.00028268329333513975,0.07774373143911362,0.0020849343854933977,0.0020849343854933977,,,,
384,,,,,0.0002643004700075835,0.07192924618721008,0.001930381404235959,0.001930381404235959,,,,
385,,,,,0.00027181406039744616,0.0777188315987587,0.0020788779947906733,0.0020788779947906733,,,,
386,,,,,0.0002885260328184813,0.07415808737277985,0.001998215215280652,0.001998215215280652,,,,
387,,,,,0.0002868411538656801,0.07032553851604462,0.0019015592988580465,0.0019015592988580465,,,,
388,,,,,0.00026517946389503777,0.07985750585794449,0.0021290271542966366,0.0021290271542966366,,,,
389,,,,,0.00027502464945428073,0.07141538709402084,0.0019228970631957054,0.0019228970631957054,,,,
390,0.00014156792894937098,0.35704153776168823,0.008996821939945221,0.008996821939945221,0.00027709323330782354,0.0761231929063797,0.0020416267216205597,0.0020416267216205597,63.818350239860834,66.20689655172414,108.38277808370044,8.625069677302267
391,,,,,0.00029887916753068566,0.07881229370832443,0.0021197469905018806,0.0021197469905018806,,,,
392,,,,,0.00028591896989382803,0.073603555560112,0.0019830483943223953,0.0019830483943223953,,,,
393,,,,,0.0002780465583782643,0.07388332486152649,0.001986106624826789,0.001986106624826789,,,,
394,,,,,0.00027641147607937455,0.07574612647294998,0.0020318590104579926,0.0020318590104579926,,,,
395,,,,,0.0002701384655665606,0.07580318301916122,0.002030148869380355,0.002030148869380355,,,,
396,,,,,0.00025674764765426517,0.07232066243886948,0.0019363904139027,0.0019363904139027,,,,
397,,,,,0.0002803869138006121,0.07434971630573273,0.001998936291784048,0.001998936291784048,,,,
398,,,,,0.00027632078854367137,0.08107396215200424,0.002165009267628193,0.002165009267628193,,,,
399,,,,,0.000270395161351189,0.06559578329324722,0.0017750922124832869,0.0017750922124832869,,,,
400,0.00014267633378040045,0.3618085980415344,0.009116553701460361,0.009116553701460361,0.000264908914687112,0.06798413395881653,0.0018320580711588264,0.0018320580711588264,63.77867022050191,66.20689655172414,117.43615776431719,6.555255889892578
401,,,,,0.0002648808585945517,0.0687323808670044,0.0018507498316466808,0.0018507498316466808,,,,
402,,,,,0.00026320843608118594,0.06372390687465668,0.00172470195684582,0.00172470195684582,,,,
403,,,,,0.00026149043696932495,0.07015839964151382,0.001884705270640552,0.001884705270640552,,,,
404,,,,,0.00028362477314658463,0.07485857605934143,0.0020132767967879772,0.0020132767967879772,,,,
405,,,,,0.00026788050308823586,0.06839325278997421,0.0018437717808410525,0.0018437717808410525,,,,
406,,,,,0.0002716089366003871,0.07349419593811035,0.001973159611225128,0.001973159611225128,,,,
407,,,,,0.0002456366491969675,0.06156696006655693,0.0016619922826066613,0.0016619922826066613,,,,
408,,,,,0.00025731953792274,0.06415440887212753,0.0017325200606137514,0.0017325200606137514,,,,
409,,,,,0.00026150423218496144,0.07219171524047852,0.0019355451222509146,0.0019355451222509146,,,,
410,0.00014011531311552972,0.3570377230644226,0.00899600051343441,0.00899600051343441,0.0002684522478375584,0.0685272142291069,0.001847406500019133,0.001847406500019133,63.72428071507863,65.86206896551724,108.57335834251101,8.42061288016183
411,,,,,0.00025732527137733996,0.07184681296348572,0.0019248329335823655,0.0019248329335823655,,,,
412,,,,,0.00026247091591358185,0.06844618171453476,0.0018423899309709668,0.0018423899309709668,,,,
413,,,,,0.0002788442652672529,0.06722680479288101,0.0018200923223048449,0.0018200923223048449,,,,
414,,,,,0.00025727602769620717,0.0678265243768692,0.001824301085434854,0.001824301085434854,,,,
415,,,,,0.0002590777294244617,0.0707245022058487,0.0018976513529196382,0.0018976513529196382,,,,
416,,,,,0.0002622252213768661,0.06828591972589493,0.0018382606795057654,0.0018382606795057654,,,,
417,,,,,0.00026362627977505326,0.06349191814661026,0.001719111343845725,0.001719111343845725,,,,
418,,,,,0.00025862528127618134,0.07080907374620438,0.0018995394930243492,0.0018995394930243492,,,,
419,,,,,0.00025922563509084284,0.07317423820495605,0.001958968583494425,0.001958968583494425,,,,
420,0.00014031000318937004,0.35182321071624756,0.008865734562277794,0.008865734562277794,0.0002851300814654678,0.07543469965457916,0.002028432209044695,0.002028432209044695,62.71882504317996,65.51724137931035,128.3999518171806,8.633520293654056
421,,,,,0.0002626383793540299,0.074349045753479,0.0019900454208254814,0.0019900454208254814,,,,
422,,,,,0.0002769210550468415,0.06753086298704147,0.001826732070185244,0.001826732070185244,,,,
423,,,,,0.000254256185144186,0.06409471482038498,0.001729496056213975,0.001729496056213975,,,,
424,,,,,0.00027426116866990924,0.06802120804786682,0.001837660907767713,0.001837660907767713,,,,
425,,,,,0.00027202832279726863,0.06603363156318665,0.0017868549330160022,0.0017868549330160022,,,,
426,,,,,0.00026586608146317303,0.06401998549699783,0.0017334326403215528,0.0017334326403215528,,,,
427,,,,,0.0002479525574017316,0.060297463089227676,0.0016314126551151276,0.0016314126551151276,,,,
428,,,,,0.0002613276883494109,0.07364493608474731,0.001971787540242076,0.001971787540242076,,,,
429,,,,,0.0002561318688094616,0.05864100903272629,0.0015940910670906305,0.0015940910670906305,,,,
430,0.00013941644283477217,0.3568188548088074,0.008990179747343063,0.008990179747343063,0.00028124821255914867,0.07023141533136368,0.001896409667097032,0.001896409667097032,65.79802516118133,67.93103448275862,119.49005368942731,6.588440486363003
431,,,,,0.0002605485497042537,0.0665779560804367,0.0017947230953723192,0.0017947230953723192,,,,
432,,,,,0.00025246545556001365,0.06417813897132874,0.0017306864028796554,0.0017306864028796554,,,,
433,,,,,0.00024539136211387813,0.06477068364620209,0.0017419628566130996,0.0017419628566130996,,,,
434,,,,,0.0002558854757808149,0.06732024997472763,0.0018109491793438792,0.0018109491793438792,,,,
435,,,,,0.00024267224944196641,0.06206135079264641,0.0016728701302781701,0.0016728701302781701,,,,
436,,,,,0.00026481752865947783,0.07062267512083054,0.001897975686006248,0.001897975686006248,,,,
437,,,,,0.0002617992868181318,0.06658641993999481,0.0017955601215362549,0.0017955601215362549,,,,
438,,,,,0.00024799094535410404,0.06707034260034561,0.0018007539911195636,0.0018007539911195636,,,,
439,,,,,0.00027095014229416847,0.07119355350732803,0.0019153140019625425,0.0019153140019625425,,,,
440,0.00013916890020482242,0.3620583415031433,0.009121043607592583,0.009121043607592583,0.0002608853974379599,0.07027364522218704,0.0018872837536036968,0.0018872837536036968,66.73272829329906,68.9655172413793,122.4506556305066,6.216701748134853
441,,,,,0.00026604041340760887,0.06568343192338943,0.001775106182321906,0.001775106182321906,,,,
442,,,,,0.0002610891533549875,0.06277265399694443,0.0016998606733977795,0.0016998606733977795,,,,
443,,,,,0.00026421196525916457,0.06881247460842133,0.0018524178303778172,0.0018524178303778172,,,,
444,,,,,0.00026125245494768023,0.06440867483615875,0.0017408430576324463,0.0017408430576324463,,,,
445,,,,,0.00024483041488565505,0.06476033478975296,0.0017414236208423972,0.0017414236208423972,,,,
446,,,,,0.00026232542586512864,0.06437506526708603,0.0017405393300577998,0.0017405393300577998,,,,
447,,,,,0.00027168093947693706,0.06611835956573486,0.0017887994181364775,0.0017887994181364775,,,,
448,,,,,0.000257539504673332,0.062205418944358826,0.001683905371464789,0.001683905371464789,,,,
449,,,,,0.0002720362972468138,0.06428371369838715,0.0017431109445169568,0.0017431109445169568,,,,
450,0.00013786644558422267,0.36270108819007874,0.009136460721492767,0.009136460721492767,0.0002658172743394971,0.06531582772731781,0.0017658041324466467,0.0017658041324466467,63.093718658657515,65.51724137931035,125.21761426211454,6.609388078962054
451,,,,,0.0002477585803717375,0.0618617869913578,0.0016704240115359426,0.0016704240115359426,,,,
452,,,,,0.00026107774465344846,0.06446477025747299,0.0017421578522771597,0.0017421578522771597,,,,
453,,,,,0.0002663427439983934,0.06281343847513199,0.0017035076161846519,0.0017035076161846519,,,,
454,,,,,0.00024664305965416133,0.05976579338312149,0.0016174663323909044,0.0016174663323909044,,,,
455,,,,,0.0002422980178380385,0.060993365943431854,0.0016459831967949867,0.0016459831967949867,,,,
456,,,,,0.00029147270834073424,0.06472918391227722,0.001763966167345643,0.001763966167345643,,,,
457,,,,,0.00027008409961126745,0.07285146415233612,0.0019563287496566772,0.0019563287496566772,,,,
458,,,,,0.0002498837420716882,0.059841338545084,0.0016209754394367337,0.0016209754394367337,,,,
459,,,,,0.0002553010417614132,0.07244200259447098,0.0019387006759643555,0.0019387006759643555,,,,
460,0.0001399508910253644,0.35915762186050415,0.009048916399478912,0.009048916399478912,0.000248201860813424,0.06044646352529526,0.0016352623933926225,0.0016352623933926225,62.202522724799955,64.82758620689654,121.97398127753304,6.697345733642578
461,,,,,0.00024780878447927535,0.0671214610338211,0.001801940961740911,0.001801940961740911,,,,
462,,,,,0.00026142309070564806,0.06943885236978531,0.0018666827818378806,0.0018666827818378806,,,,
463,,,,,0.0002491440100129694,0.06576434522867203,0.0017686807550489902,0.0017686807550489902,,,,
464,,,,,0.00026468170108273625,0.06247938051819801,0.0016943252412602305,0.0016943252412602305,,,,
465,,,,,0.0002454662462696433,0.0585029162466526,0.00158530636690557,0.00158530636690557,,,,
466,,,,,0.0002689664834178984,0.06471419334411621,0.0017523380229249597,0.0017523380229249597,,,,
467,,,,,0.00025023703346960247,0.06958185136318207,0.0018646646058186889,0.0018646646058186889,,,,
468,,,,,0.0002628486545290798,0.06965451687574387,0.0018727872520685196,0.0018727872520685196,,,,
469,,,,,0.0002397464995738119,0.06609218567609787,0.0017721778713166714,0.0017721778713166714,,,,
470,0.00013924637460149825,0.36017295718193054,0.009073946624994278,0.009073946624994278,0.000265302398474887,0.06625602394342422,0.00178905192296952,0.00178905192296952,61.201395232972054,62.758620689655174,134.7566079295154,6.212984697534404
471,,,,,0.00025602069217711687,0.06475882977247238,0.0017469811718910933,0.0017469811718910933,,,,
472,,,,,0.0002735364541877061,0.073188416659832,0.0019664785359054804,0.0019664785359054804,,,,
473,,,,,0.00024759257212281227,0.06099652871489525,0.0016487095272168517,0.0016487095272168517,,,,
474,,,,,0.000258995481999591,0.0641595795750618,0.0017334871226921678,0.0017334871226921678,,,,
475,,,,,0.0002542843867558986,0.0569421723484993,0.0015506965573877096,0.0015506965573877096,,,,
476,,,,,0.00026411880389787257,0.060513440519571304,0.0016448955284431577,0.0016448955284431577,,,,
477,,,,,0.00025261176051571965,0.06196698918938637,0.0016754806274548173,0.0016754806274548173,,,,
478,,,,,0.0002636886783875525,0.06621544808149338,0.0017872302560135722,0.0017872302560135722,,,,
479,,,,,0.00026052838074974716,0.06736239790916443,0.0018143241759389639,0.0018143241759389639,,,,
480,0.00013934724847786129,0.35776397585868835,0.009013773873448372,0.009013773873448372,0.00024284995743073523,0.05909363180398941,0.001598765724338591,0.001598765724338591,62.14378172872513,64.13793103448275,125.63954088656388,6.46960179151687
481,,,,,0.00024621994816698134,0.05605471879243851,0.0015244779642671347,0.0015244779642671347,,,,
482,,,,,0.00025691185146570206,0.0625736266374588,0.0016927964752539992,0.0016927964752539992,,,,
483,,,,,0.0002744662342593074,0.06513609737157822,0.0017656354466453195,0.0017656354466453195,,,,
484,,,,,0.000240357214352116,0.060338880866765976,0.0016286508180201054,0.0016286508180201054,,,,
485,,,,,0.0002409514709142968,0.06539499759674072,0.001755350735038519,0.001755350735038519,,,,
486,,,,,0.0002681181358639151,0.06555770337581635,0.001773001509718597,0.001773001509718597,,,,
487,,,,,0.00027698464691638947,0.06598731130361557,0.0017881753155961633,0.0017881753155961633,,,,
488,,,,,0.000249233387876302,0.060621898621320724,0.0016401639441028237,0.0016401639441028237,,,,
489,,,,,0.0002522782306186855,0.06226590648293495,0.0016827868530526757,0.0016827868530526757,,,,
490,0.0001383218914270401,0.358684241771698,0.009036267176270485,0.009036267176270485,0.00023979434627108276,0.06149572506546974,0.0016572903841733932,0.0016572903841733932,63.91589278514148,66.20689655172413,130.30983273678413,8.879528380276865
491,,,,,0.00026226742193102837,0.06316357851028442,0.001710223499685526,0.001710223499685526,,,,
492,,,,,0.00024007109459489584,0.058999739587306976,0.0015950289089232683,0.0015950289089232683,,,,
493,,,,,0.0002540447167120874,0.05780123919248581,0.0015720532974228263,0.0015720532974228263,,,,
494,,,,,0.0002557025582063943,0.06315088272094727,0.001706623355858028,0.001706623355858028,,,,
495,,,,,0.0002455041976645589,0.06615236401557922,0.001776561257429421,0.001776561257429421,,,,
496,,,,,0.0002692379930522293,0.06478391587734222,0.0017542168498039246,0.0017542168498039246,,,,
497,,,,,0.0002759549533948302,0.06131001189351082,0.001670727739110589,0.001670727739110589,,,,
498,,,,,0.00024900201242417097,0.06517843902111053,0.0017539621330797672,0.0017539621330797672,,,,
499,,,,,0.000244585273321718,0.06058068573474884,0.001636809785850346,0.001636809785850346,,,,
500,0.0001398741005687043,0.36197301745414734,0.009119261987507343,0.009119261987507343,0.0002603785542305559,0.06637158244848251,0.0017894789343699813,0.0017894789343699813,60.58330987591326,63.103448275862064,143.8766089620044,6.440985052435248
1,,,,,0.0020557111129164696,0.5732916593551636,0.015360146760940552,0.015360146760940552,,,,
2,,,,,0.0010451714042574167,0.4977574348449707,0.012966522015631199,0.012966522015631199,,,,
3,,,,,0.0010535430628806353,0.4157487154006958,0.010920489206910133,0.010920489206910133,,,,
4,,,,,0.0009400942944921553,0.3745366334915161,0.00983346439898014,0.00983346439898014,,,,
5,,,,,0.0009093747357837856,0.33977416157722473,0.008949040435254574,0.008949040435254574,,,,
6,,,,,0.0008508379105478525,0.3381926715373993,0.008880236186087132,0.008880236186087132,,,,
7,,,,,0.0008294442668557167,0.32651010155677795,0.008577474392950535,0.008577474392950535,,,,
8,,,,,0.0008034068741835654,0.31407812237739563,0.008253657259047031,0.008253657259047031,,,,
9,,,,,0.0008511539781466126,0.30983230471611023,0.008171385154128075,0.008171385154128075,,,,
10,0.00040764446021057665,0.3558432459831238,0.00909990444779396,0.00909990444779396,0.0007368946680799127,0.2911202013492584,0.007646453101187944,0.007646453101187944,43.00930093009301,49.09090909090909,93.99357466264205,8.219113801655016
11,,,,,0.000792022910900414,0.3103162944316864,0.008153919130563736,0.008153919130563736,,,,
12,,,,,0.0008142697042785585,0.28647762537002563,0.007569076959043741,0.007569076959043741,,,,
13,,,,,0.0007741091540083289,0.2756631672382355,0.007278634235262871,0.007278634235262871,,,,
14,,,,,0.000753098982386291,0.27196231484413147,0.007175607141107321,0.007175607141107321,,,,
15,,,,,0.0007465531234629452,0.2846962809562683,0.007490682881325483,0.007490682881325483,,,,
16,,,,,0.0007259188569150865,0.29160094261169434,0.007652983535081148,0.007652983535081148,,,,
17,,,,,0.0006932453834451735,0.26223480701446533,0.006902493070811033,0.006902493070811033,,,,
18,,,,,0.0006655908073298633,0.26510435342788696,0.006960403639823198,0.006960403639823198,,,,
19,,,,,0.0007232493371702731,0.266496479511261,0.0070240371860563755,0.0070240371860563755,,,,
20,0.0003127121308352798,0.24899345636367798,0.0063811917789280415,0.0063811917789280415,0.0006997011369094253,0.26664793491363525,0.007016049697995186,0.007016049697995186,70.4014401440144,76.36363636363636,50.28044544566762,6.735964174623843
21,,,,,0.000692554225679487,0.25901785492897034,0.006821724120527506,0.006821724120527506,,,,
22,,,,,0.0006882376619614661,0.2824435234069824,0.007405206561088562,0.007405206561088562,,,,
23,,,,,0.0006554126157425344,0.2610929608345032,0.006855031009763479,0.006855031009763479,,,,
24,,,,,0.0006550656398758292,0.25601011514663696,0.006727786734700203,0.006727786734700203,,,,
25,,,,,0.0006571213016286492,0.24475163221359253,0.006447351537644863,0.006447351537644863,,,,
26,,,,,0.0006336349179036915,0.24853497743606567,0.006530192214995623,0.006530192214995623,,,,
27,,,,,0.0006532669067382812,0.25313854217529297,0.006655097007751465,0.006655097007751465,,,,
28,,,,,0.0005919681279920042,0.24536561965942383,0.006430124398320913,0.006430124398320913,,,,
29,,,,,0.0006165967206470668,0.23725257813930511,0.006239612586796284,0.006239612586796284,,,,
30,0.00028746656607836485,0.25157925486564636,0.0064332145266234875,0.0064332145266234875,0.0006158812320791185,0.25906816124916077,0.0067846449092030525,0.0067846449092030525,69.3136813681368,70.9090909090909,54.60130726207387,7.460043225969587
31,,,,,0.0006261139060370624,0.25193721055984497,0.006611487828195095,0.006611487828195095,,,,
32,,,,,0.0006287575233727694,0.24144400656223297,0.006350479554384947,0.006350479554384947,,,,
33,,,,,0.0006058578728698194,0.2384064942598343,0.006263091694563627,0.006263091694563627,,,,
34,,,,,0.0006143507780507207,0.23800911009311676,0.006257402710616589,0.006257402710616589,,,,
35,,,,,0.0006117054144851863,0.23846644163131714,0.006267514545470476,0.006267514545470476,,,,
36,,,,,0.0005739372572861612,0.2378750890493393,0.006233845837414265,0.006233845837414265,,,,
37,,,,,0.0005503203719854355,0.2338550090789795,0.006121535785496235,0.006121535785496235,,,,
38,,,,,0.0005387392011471093,0.23698464035987854,0.0061939856968820095,0.0061939856968820095,,,,
39,,,,,0.0005543633014895022,0.235051229596138,0.006153463385999203,0.006153463385999203,,,,
40,0.00023557402892038226,0.23317007720470428,0.005947038996964693,0.005947038996964693,0.0005253847339190543,0.233740895986557,0.006106215063482523,0.006106215063482523,91.96669666966697,94.54545454545456,22.47848788174716,6.646424018012153
41,,,,,0.0005330312415026128,0.22526727616786957,0.005898198112845421,0.005898198112845421,,,,
42,,,,,0.0005474541685543954,0.22770759463310242,0.005966417491436005,0.005966417491436005,,,,
43,,,,,0.0005377710331231356,0.23267023265361786,0.00608564168214798,0.00608564168214798,,,,
44,,,,,0.0005426988936960697,0.2319597601890564,0.006070342846214771,0.006070342846214771,,,,
45,,,,,0.000496400345582515,0.22260883450508118,0.0058134207502007484,0.0058134207502007484,,,,
46,,,,,0.0005461426917463541,0.22396714985370636,0.005872250068932772,0.005872250068932772,,,,
47,,,,,0.0005067888996563852,0.21583662927150726,0.005649311002343893,0.005649311002343893,,,,
48,,,,,0.000535209896042943,0.22901321947574615,0.005992935039103031,0.005992935039103031,,,,
49,,,,,0.0005194166442379355,0.21971827745437622,0.005752665922045708,0.005752665922045708,,,,
50,0.00023148316540755332,0.2523605525493622,0.006424755323678255,0.006424755323678255,0.000520887493621558,0.21672560274600983,0.005678584333509207,0.005678584333509207,93.99189918991898,95.45454545454545,23.701629638671875,7.308844383726728
51,,,,,0.0004574225458782166,0.21248677372932434,0.005540880840271711,0.005540880840271711,,,,
52,,,,,0.0004930357099510729,0.2208130955696106,0.005766845308244228,0.005766845308244228,,,,
53,,,,,0.0004951165756210685,0.2188134342432022,0.005717894062399864,0.005717894062399864,,,,
54,,,,,0.0005061993142589927,0.22632457315921783,0.005911213345825672,0.005911213345825672,,,,
55,,,,,0.0005060408147983253,0.220224991440773,0.0057586440816521645,0.0057586440816521645,,,,
56,,,,,0.0004692401853390038,0.20883694291114807,0.005455543752759695,0.005455543752759695,,,,
57,,,,,0.0004518509085755795,0.20297589898109436,0.00530032254755497,0.00530032254755497,,,,
58,,,,,0.0004717775445897132,0.21451465785503387,0.005598754156380892,0.005598754156380892,,,,
59,,,,,0.0005099109839648008,0.21270181238651276,0.005572500638663769,0.005572500638663769,,,,
60,0.000231872676522471,0.23794536292552948,0.006064570974558592,0.006064570974558592,0.00047456022002734244,0.22050316631793976,0.005749859381467104,0.005749859381467104,96.23762376237623,96.36363636363636,15.723649458451705,8.604623202619882
61,,,,,0.00044954087934456766,0.20616480708122253,0.0053788903169333935,0.0053788903169333935,,,,
62,,,,,0.000444963137852028,0.21032017469406128,0.0054804859682917595,0.0054804859682917595,,,,
63,,,,,0.0004468579136300832,0.20412705838680267,0.0053266058675944805,0.0053266058675944805,,,,
64,,,,,0.0004543811082839966,0.20563313364982605,0.005368018988519907,0.005368018988519907,,,,
65,,,,,0.00044773673289455473,0.20837059617042542,0.0054331328719854355,0.0054331328719854355,,,,
66,,,,,0.00040029356023296714,0.19295242428779602,0.0050239572301507,0.0050239572301507,,,,
67,,,,,0.00043914851266890764,0.2089318335056305,0.005442870315164328,0.005442870315164328,,,,
68,,,,,0.00046362492139451206,0.20775239169597626,0.005425622686743736,0.005425622686743736,,,,
69,,,,,0.00046188567648641765,0.20901639759540558,0.005456352606415749,0.005456352606415749,,,,
70,0.0001965800329344347,0.2182672917842865,0.005554972216486931,0.005554972216486931,0.00044880894711241126,0.20910869538784027,0.005452123004943132,0.005452123004943132,100.0,100.0,10.307138616388494,7.667129841256649
71,,,,,0.0004314472316764295,0.19443513453006744,0.005076602101325989,0.005076602101325989,,,,
72,,,,,0.0004313226090744138,0.1995866596698761,0.005205328576266766,0.005205328576266766,,,,
73,,,,,0.0004461635835468769,0.19779962301254272,0.005168072413653135,0.005168072413653135,,,,
74,,,,,0.00041183855501003563,0.18919190764427185,0.0049357167445123196,0.0049357167445123196,,,,
75,,,,,0.0004304417525418103,0.2055024355649948,0.005352781154215336,0.005352781154215336,,,,
76,,,,,0.00043425196781754494,0.19470754265785217,0.005084814969450235,0.005084814969450235,,,,
77,,,,,0.0003940700553357601,0.19571040570735931,0.005089794751256704,0.005089794751256704,,,,
78,,,,,0.0004359754384495318,0.20151114463806152,0.005255766678601503,0.005255766678601503,,,,
79,,,,,0.0004327613569330424,0.2080639898777008,0.005417980253696442,0.005417980253696442,,,,
80,0.00020324932120274752,0.24428683519363403,0.0062087965197861195,0.0062087965197861195,0.0004496772598940879,0.20223920047283173,0.005280818324536085,0.005280818324536085,100.0,100.0,10.989994395862926,9.095796712239583
81,,,,,0.0004038135230075568,0.2071986198425293,0.005381872411817312,0.005381872411817312,,,,
82,,,,,0.00045337274787016213,0.20475436747074127,0.0053455461747944355,0.0053455461747944355,,,,
83,,,,,0.00040161790093407035,0.19126036763191223,0.004982318263500929,0.004982318263500929,,,,
84,,,,,0.00040137249743565917,0.19572970271110535,0.005093927960842848,0.005093927960842848,,,,
85,,,,,0.0003735861973837018,0.19408653676509857,0.005038956645876169,0.005038956645876169,,,,
86,,,,,0.0004395908035803586,0.2001490294933319,0.005223521031439304,0.005223521031439304,,,,
87,,,,,0.00037528725806623697,0.19058166444301605,0.004952185321599245,0.004952185321599245,,,,
88,,,,,0.00040421358426101506,0.18784143030643463,0.004898143466562033,0.004898143466562033,,,,
89,,,,,0.00040107202949002385,0.1819663792848587,0.0047496953047811985,0.0047496953047811985,,,,
90,0.00019441953918430954,0.23261956870555878,0.005912699270993471,0.005912699270993471,0.0003727776638697833,0.18228404223918915,0.004743489436805248,0.004743489436805248,100.0,100.0,10.017988031560725,8.575754061612216
91,,,,,0.0003596603637561202,0.17054080963134766,0.004443350248038769,0.004443350248038769,,,,
92,,,,,0.00032756238942965865,0.1675848662853241,0.004353402182459831,0.004353402182459831,,,,
93,,,,,0.0003343163407407701,0.17018264532089233,0.00442172447219491,0.00442172447219491,,,,
94,,,,,0.000304822955513373,0.15050365030765533,0.003915003500878811,0.003915003500878811,,,,
95,,,,,0.00032147931051440537,0.15188242495059967,0.003957800101488829,0.003957800101488829,,,,
96,,,,,0.00030536719714291394,0.14912734925746918,0.003880867036059499,0.003880867036059499,,,,
97,,,,,0.0003109337412752211,0.1556084007024765,0.004045676905661821,0.004045676905661821,,,,
98,,,,,0.00031991221476346254,0.15292276442050934,0.003983024973422289,0.003983024973422289,,,,
99,,,,,0.00029855038155801594,0.14392191171646118,0.0037473230622708797,0.0037473230622708797,,,,
100,0.00017011280579026788,0.22201848030090332,0.005635518115013838,0.005635518115013838,0.0003001340082846582,0.14731307327747345,0.0038328939117491245,0.0038328939117491245,100.0,100.0,9.59854472767223,7.890265362079327
101,,,,,0.00030358784715645015,0.1531292349100113,0.003980024717748165,0.003980024717748165,,,,
102,,,,,0.00031270625186152756,0.14720536768436432,0.003836487652733922,0.003836487652733922,,,,
103,,,,,0.0002924408472608775,0.14355096220970154,0.003734993515536189,0.003734993515536189,,,,
104,,,,,0.00029194221133366227,0.14736226201057434,0.003830027300864458,0.003830027300864458,,,,
105,,,,,0.0002988928754348308,0.14404001832008362,0.00375044671818614,0.00375044671818614,,,,
106,,,,,0.0003073079278692603,0.14154775440692902,0.0036923480220139027,0.0036923480220139027,,,,
107,,,,,0.0002881926775444299,0.13876987993717194,0.0036133432295173407,0.0036133432295173407,,,,
108,,,,,0.0002923320862464607,0.14054113626480103,0.003659694455564022,0.003659694455564022,,,,
109,,,,,0.0002715812297537923,0.13749857246875763,0.0035732551477849483,0.0035732551477849483,,,,
110,0.00016975417383946478,0.22507086396217346,0.00571164907887578,0.00571164907887578,0.00027942529413849115,0.13029128313064575,0.0033969951327890158,0.0033969951327890158,100.0,100.0,10.013252258300781,8.2922119140625
111,,,,,0.00028512629796750844,0.13727204501628876,0.0035743643529713154,0.0035743643529713154,,,,
112,,,,,0.0002970799687318504,0.13828900456428528,0.003605765523388982,0.003605765523388982,,,,
113,,,,,0.0002982201986014843,0.1406901776790619,0.003666364122182131,0.003666364122182131,,,,
114,,,,,0.00027166955987922847,0.13334237039089203,0.0034693938214331865,0.0034693938214331865,,,,
115,,,,,0.0002897854137700051,0.14666122198104858,0.0038114236667752266,0.0038114236667752266,,,,
116,,,,,0.00027486885664984584,0.13741323351860046,0.0035727652721107006,0.0035727652721107006,,,,
117,,,,,0.0002824599505402148,0.135782390832901,0.0035357896704226732,0.0035357896704226732,,,,
118,,,,,0.0002596226695459336,0.13737843930721283,0.003564272541552782,0.003564272541552782,,,,
119,,,,,0.00028824529726989567,0.13312409818172455,0.0034722250420600176,0.0034722250420600176,,,,
120,0.00017485221906099468,0.23081469535827637,0.00585779407992959,0.00585779407992959,0.00027292288723401725,0.13051122426986694,0.0033992419485002756,0.0033992419485002756,100.0,100.0,10.400720076127486,9.086620921819982
121,,,,,0.0002820559893734753,0.13050565123558044,0.0034036689903587103,0.0034036689903587103,,,,
122,,,,,0.0002754766901489347,0.1325351595878601,0.0034511175472289324,0.0034511175472289324,,,,
123,,,,,0.0002606475609354675,0.12249565869569778,0.0031927155796438456,0.0031927155796438456,,,,
124,,,,,0.0002528361801523715,0.11970353871583939,0.0031190067529678345,0.0031190067529678345,,,,
125,,,,,0.0002681889745872468,0.12519650161266327,0.003264006692916155,0.003264006692916155,,,,
126,,,,,0.00027346209390088916,0.12088411301374435,0.0031588340643793344,0.0031588340643793344,,,,
127,,,,,0.00027987651992589235,0.1285271793603897,0.0033531177323311567,0.0033531177323311567,,,,
128,,,,,0.0002689810935407877,0.12174168974161148,0.0031780328135937452,0.0031780328135937452,,,,
129,,,,,0.0002594849211163819,0.12233047932386398,0.003188004484400153,0.003188004484400153,,,,
130,0.00017029124137479812,0.23072566092014313,0.005853286478668451,0.005853286478668451,0.00026489078300073743,0.1296677440404892,0.0033741393126547337,0.0033741393126547337,100.0,100.0,10.293753884055398,8.31890240837546
131,,,,,0.0002532648795749992,0.12068501114845276,0.0031437575817108154,0.0031437575817108154,,,,
132,,,,,0.00025296586682088673,0.11761105060577393,0.003066759556531906,0.003066759556531906,,,,
133,,,,,0.00024196901358664036,0.11634080857038498,0.003029504558071494,0.003029504558071494,,,,
134,,,,,0.00024233246222138405,0.11681140214204788,0.003041451331228018,0.003041451331228018,,,,
135,,,,,0.0002798663335852325,0.11994458734989166,0.00313854799605906,0.00313854799605906,,,,
136,,,,,0.0002738768816925585,0.12780821323394775,0.003332143882289529,0.003332143882289529,,,,
137,,,,,0.00025868258671835065,0.11462025344371796,0.0029948477167636156,0.0029948477167636156,,,,
138,,,,,0.0002716845483519137,0.11910058557987213,0.0031133571173995733,0.0031133571173995733,,,,
139,,,,,0.0002742510987445712,0.12872855365276337,0.0033553391695022583,0.0033553391695022583,,,,
140,0.00016856705769896507,0.23177728056907654,0.005878715310245752,0.005878715310245752,0.0002387886488577351,0.12009558081626892,0.003121784422546625,0.003121784422546625,100.0,100.0,9.959193142977627,8.244028870488556
141,,,,,0.0002562636218499392,0.11894658952951431,0.0031017963774502277,0.0031017963774502277,,,,
142,,,,,0.00025115784956142306,0.12276814877986908,0.0031947826500982046,0.0031947826500982046,,,,
143,,,,,0.00025716828531585634,0.11724869906902313,0.0030598018784075975,0.0030598018784075975,,,,
144,,,,,0.0002713149879127741,0.11940136551856995,0.0031206917483359575,0.0031206917483359575,,,,
145,,,,,0.00026966052246280015,0.12816821038722992,0.0033390361350029707,0.0033390361350029707,,,,
146,,,,,0.0002404840342933312,0.11919434368610382,0.0031001006718724966,0.0031001006718724966,,,,
147,,,,,0.0002633460971992463,0.12236480414867401,0.0031907930970191956,0.0031907930970191956,,,,
148,,,,,0.00022759490821044892,0.10976694524288177,0.002857971005141735,0.002857971005141735,,,,
149,,,,,0.00024944826145656407,0.11782423406839371,0.0030703300144523382,0.0030703300144523382,,,,
150,0.00016895125736482441,0.2279447615146637,0.005783094558864832,0.005783094558864832,0.0002578764106146991,0.1248059794306755,0.003249087603762746,0.003249087603762746,100.0,100.0,10.158619273792613,8.380876428940716
151,,,,,0.00025693621137179434,0.12560397386550903,0.003268567379564047,0.003268567379564047,,,,
152,,,,,0.0002645478234626353,0.11494182795286179,0.0030058196280151606,0.0030058196280151606,,,,
153,,,,,0.00026608974440023303,0.11488072574138641,0.0030050629284232855,0.0030050629284232855,,,,
154,,,,,0.0002565624890848994,0.11989307403564453,0.0031256082002073526,0.0031256082002073526,,,,
155,,,,,0.0002577535342425108,0.11986315995454788,0.0031254556961357594,0.0031254556961357594,,,,
156,,,,,0.0002707852690946311,0.11367003619670868,0.0029771437402814627,0.0029771437402814627,,,,
157,,,,,0.0002747842518147081,0.12228573858737946,0.0031945358496159315,0.0031945358496159315,,,,
158,,,,,0.00025351025396957994,0.109958216547966,0.002875710604712367,0.002875710604712367,,,,
159,,,,,0.00025777670089155436,0.11258364468812943,0.0029434794560074806,0.0029434794560074806,,,,
160,0.00016807463543955237,0.23122869431972504,0.005864754784852266,0.005864754784852266,0.0002563081216067076,0.11696740239858627,0.00305233895778656,0.00305233895778656,100.0,100.0,9.96052273837003,8.417007858688766
161,,,,,0.0002799981157295406,0.1193709746003151,0.003124273382127285,0.003124273382127285,,,,
162,,,,,0.0002615855191834271,0.12044213712215424,0.003141846274957061,0.003141846274957061,,,,
163,,,,,0.0002403321850579232,0.11084568500518799,0.0028913086280226707,0.0028913086280226707,,,,
164,,,,,0.0002669577079359442,0.12146349251270294,0.003170065814629197,0.003170065814629197,,,,
165,,,,,0.0002596797712612897,0.11741740256547928,0.0030652752611786127,0.0030652752611786127,,,,
166,,,,,0.0002523565199226141,0.11062508076429367,0.0028918052557855844,0.0028918052557855844,,,,
167,,,,,0.0002534705854486674,0.11342345923185349,0.002962321974337101,0.002962321974337101,,,,
168,,,,,0.0002651063841767609,0.11654568463563919,0.0030461950227618217,0.0030461950227618217,,,,
169,,,,,0.0002486319572199136,0.11725898087024689,0.0030557902064174414,0.0030557902064174414,,,,
170,0.00016470975242555141,0.22943530976772308,0.00581823755055666,0.00581823755055666,0.0002523808798287064,0.11043620109558105,0.0028870953246951103,0.0028870953246951103,100.0,100.0,9.700672496448863,8.154325742979307
171,,,,,0.0002639383892528713,0.11527600884437561,0.003013869049027562,0.003013869049027562,,,,
172,,,,,0.0002565146132837981,0.11505358666181564,0.003004597034305334,0.003004597034305334,,,,
173,,,,,0.00024952951935119927,0.11417984217405319,0.0029792608693242073,0.0029792608693242073,,,,
174,,,,,0.0002575205289758742,0.11555711925029755,0.003017687937244773,0.003017687937244773,,,,
175,,,,,0.00024033407680690289,0.11220312118530273,0.002925245324149728,0.002925245324149728,,,,
176,,,,,0.0002489927865099162,0.11007606983184814,0.0028763986192643642,0.0028763986192643642,,,,
177,,,,,0.00025132211158052087,0.11430457979440689,0.002983275568112731,0.002983275568112731,,,,
178,,,,,0.00025133410235866904,0.11744439601898193,0.0030617767479270697,0.0030617767479270697,,,,
179,,,,,0.0002563940070103854,0.11724339425563812,0.0030592819675803185,0.0030592819675803185,,,,
180,0.00016946032701525837,0.23199725151062012,0.005884661804884672,0.005884661804884672,0.00023040057567413896,0.10966435074806213,0.0028568091802299023,0.0028568091802299023,100.0,100.0,9.82828174937855,8.3016943359375
181,,,,,0.00024476501857861876,0.11206591129302979,0.0029240308795124292,0.0029240308795124292,,,,
182,,,,,0.0002431426546536386,0.114467553794384,0.002983260666951537,0.002983260666951537,,,,
183,,,,,0.0002490234619472176,0.113820381462574,0.0029700209852308035,0.0029700209852308035,,,,
184,,,,,0.00025362070300616324,0.12065789103507996,0.0031432579271495342,0.0031432579271495342,,,,
185,,,,,0.0002612948592286557,0.1261301040649414,0.003283900208771229,0.003283900208771229,,,,
186,,,,,0.00026495245401747525,0.12030335515737534,0.0031400599982589483,0.0031400599982589483,,,,
187,,,,,0.0002512793580535799,0.1159682348370552,0.003024845849722624,0.003024845849722624,,,,
188,,,,,0.0002656492288224399,0.12089170515537262,0.0031551173888146877,0.0031551173888146877,,,,
189,,,,,0.00027267768746241927,0.12573334574699402,0.003279672469943762,0.003279672469943762,,,,
190,0.0001665143936406821,0.2308889925479889,0.005855482537299395,0.005855482537299395,0.00026123475981876254,0.11506721377372742,0.0030072976369410753,0.0030072976369410753,100.0,100.0,9.79761435768821,8.904379354940879
191,,,,,0.0002564049500506371,0.11136195063591003,0.0029122515115886927,0.0029122515115886927,,,,
192,,,,,0.0002479554677847773,0.11729224771261215,0.0030562840402126312,0.0030562840402126312,,,,
193,,,,,0.00024671576102264225,0.11088435351848602,0.002895466983318329,0.002895466983318329,,,,
194,,,,,0.0002409425360383466,0.11252139508724213,0.002933506155386567,0.002933506155386567,,,,
195,,,,,0.00024602707708254457,0.11377794295549393,0.002967462409287691,0.002967462409287691,,,,
196,,,,,0.00024962465977296233,0.11089698225259781,0.002897237427532673,0.002897237427532673,,,,
197,,,,,0.00023889046860858798,0.11008523404598236,0.0028715762309730053,0.0028715762309730053,,,,
198,,,,,0.00024671453866176307,0.10934387147426605,0.002856954000890255,0.002856954000890255,,,,
199,,,,,0.0002614458207972348,0.11044569313526154,0.0028918650932610035,0.0028918650932610035,,,,
200,0.00016745645552873611,0.23187537491321564,0.005880613345652819,0.005880613345652819,0.00026061382959596813,0.11187494546175003,0.002927180612459779,0.002927180612459779,100.0,100.0,9.92640547318892,8.523870367752878
